type,salary
产品,16954.31572
高级管理,12109.51712
后端,12069.61794
金融,10615.75165
其他,9108.30348
前端,10464.04393
人事,7794.092658
设计,9309.413374
市场,10689.18056
数据,9601
物流,6693.529405
销售,11003.31185
医疗健康,8990.946502
运维,11770.02807
运营,10944.21151
